{
    "low_load": {
        "throughput": {
            "mean": 0.08055555555555556,
            "std": 0.01272937693043289
        },
        "lead_time": {
            "p50": 14.273651519042573,
            "p90": 25.19457661872546,
            "p95": 28.062466843644675
        },
        "rework_count": {
            "mean": 0.0
        }
    },
    "mid_load": {
        "throughput": {
            "mean": 0.07444444444444445,
            "std": 0.014315665251916809
        },
        "lead_time": {
            "p50": 24.268606465988697,
            "p90": 51.46966533059722,
            "p95": 55.18010777753893
        },
        "rework_count": {
            "mean": 0.0
        }
    },
    "high_load": {
        "throughput": {
            "mean": 0.023333333333333334,
            "std": 0.0077777777777777776
        },
        "lead_time": {
            "p50": 40.008095841154265,
            "p90": 74.18328496171672,
            "p95": 82.1004811757654
        },
        "rework_count": {
            "mean": 0.0
        }
    }
}