rework_load_factor,arrival_rate,dr_period,dr2_rework_multiplier,throughput,p90_wait,avg_wip,avg_reworks,score
1.163977136285199,0.796050900946921,35.9269109270686,1.8673443458712056,0.012785388127853882,33.10840870174036,168.78538812785388,1.2142857142857142,0.21495649223656788
1.2082894826969217,0.7609219192588292,44.15913406634782,2.4427135317040074,0.0091324200913242,36.822788483314504,163.84018264840182,0.9,-0.005067244020477812
0.890614238604704,0.7464397157378317,48.73373414903064,2.0430038923159475,0.010958904109589041,39.62025047920772,162.71689497716895,1.3333333333333333,-0.016680860076166648
1.492639111562681,0.5789300558558839,53.43875934551931,1.116685207912332,0.0073059360730593605,48.815504383823104,125.17808219178082,0.875,-0.06924033483534006
0.5341986411110209,0.6246460155461016,63.79008939645195,1.8141375338861898,0.0073059360730593605,43.868051837910144,134.96803652968038,0.875,-0.07839749355781028
