rework_load_factor,arrival_rate,dr_period,throughput,p90_wait,avg_wip,avg_reworks,score
0.32972794555384516,0.7211838839984301,35.432004877022734,0.03888888888888889,28.060374628641167,62.72222222222222,0.0,0.21126054943335926
1.2863112365901097,0.7428428276195131,30.716688289133465,0.03333333333333333,24.18660391421072,64.47222222222223,0.0,0.10240584746429071
0.7566103536059294,0.5091424203223501,105.46852394994079,0.0,0.0,0.0,0.0,0.0
0.45540769459045816,0.5803013545530571,102.11588441966964,0.0,0.0,0.0,0.0,0.0
1.1198476094822882,0.5871426040216607,159.24233252068555,0.0,0.0,0.0,0.0,0.0
