scenario,dr1_cost_avg,dr2_cost_avg,dr3_cost_avg,total_review_cost_avg,cost_per_completed_job_avg
01_Baseline,24.28,15.64,5.94,45.86,35.14539007092199
02_High_Load,51.1,34.8,13.32,99.22,33.25899999999999
03_Few_Engineers,24.34,15.68,5.94,45.96,34.07092198581561
04_Many_Engineers,24.28,15.64,5.94,45.86,35.14539007092199
05_High_Uncertainty,24.28,15.64,5.94,45.86,35.14539007092199
06_Tight_DR,22.4,16.36,5.64,44.4,38.48837209302326
